record_id,sex,age,edu,other_specify,stroke,relative_stroke,occupation,other_occup,facility,facility_level,unit,location,experience,facility_other,approved,appealing,like,welcome,fitting,suitable,applicable,good_match,implementable,possible,doable,easy
11,2,26,,,,,8,,4,7,,,,,3,4,4,4,4,4,4,4,3,3,4,3
12,1,33,,,,,1,,1,6,,,,,1,1,4,4,2,4,4,4,4,4,4,4
13,2,30,,,,,6,,1,7,,,,,5,5,5,5,5,5,5,5,5,5,3,5
14,1,27,,,,,9,,4,9,,,,"Research Institute",5,5,5,5,5,5,5,5,5,5,5,5
15,1,47,,,,,6,,1,9,,,,"Health Directorate",4,4,4,4,4,4,4,4,4,4,4,4
16,1,26,,,,,1,,1,1,,,,,5,4,4,4,4,5,4,4,4,5,5,5
17,1,27,,,,,2,,4,3,,,,,4,4,4,4,4,3,3,4,4,3,4,4
18,1,29,,,,,1,,1,1,,,,,4,4,4,5,4,4,4,4,4,4,4,4
19,1,28,,,,,1,,1,6,,,,,4,4,4,5,4,4,3,3,5,4,4,4
20,1,30,,,,,1,,1,3,,,,,5,5,5,5,4,4,4,4,4,4,4,3
21,1,40,,,,,2,,4,4,,,,,4,4,4,4,4,4,4,4,4,4,4,4
22,,,,,,,,,,,,,,,,,,,,,,,,,,
23,2,28,,,,,1,,1,5,,,,,5,2,4,4,4,4,4,,4,4,4,4
24,2,25,,,,,2,,4,1,,,,,1,1,4,4,4,4,4,4,4,4,4,5
25,2,27,,,,,1,,1,2,,,,,4,4,4,4,4,4,4,4,4,4,5,4
26,1,36,,,,,1,,1,9,,,,"District Health Directorate",5,5,5,5,4,4,5,4,5,4,4,4
27,1,31,,,,,1,,2,6,,,,,4,4,4,4,4,4,4,4,4,4,3,5
28,1,28,,,,,2,,4,3,,,,,4,4,4,4,4,4,4,4,4,4,4,3
29,1,29,,,,,1,,1,3,,,,,4,4,4,4,4,4,4,4,4,2,4,4
30,1,26,,,,,1,,1,6,,,,,4,4,4,4,4,4,4,4,4,3,4,4
31,2,35,,,,,1,,1,3,,,,,4,5,4,4,4,4,4,4,4,4,4,4
32,2,41,,,,,2,,1,1,,,,,5,5,4,4,5,5,5,5,4,4,4,4
33,2,35,,,,,1,,1,6,,,,,4,4,4,3,3,3,3,3,3,3,3,3
34,1,34,,,,,1,,4,3,,,,,4,4,4,4,4,4,4,4,4,4,4,4
35,2,27,,,,,1,,1,3,,,,,4,4,4,4,4,4,5,4,4,4,4,4
36,2,26,,,,,1,,1,2,,,,,4,4,4,4,4,4,4,4,4,4,4,3
37,,,,,,,,,,,,,,,,,,,,,,,,,,
38,2,39,,,,,1,,4,1,,,,,5,5,3,5,5,5,4,5,5,4,5,4
39,2,26,,,,,1,,1,3,,,,,4,4,4,4,4,4,4,4,4,4,4,4
40,2,38,,,,,1,,4,3,,,,,5,5,5,5,4,4,5,5,5,5,5,5
41,1,29,,,,,1,,1,6,,,,,5,5,5,5,4,5,5,4,3,4,4,5
42,2,26,,,,,1,,1,6,,,,,4,4,4,4,4,4,4,4,4,4,4,4
43,1,26,,,,,9,,4,3,,,,,4,5,5,4,4,4,4,4,3,3,4,4
44,2,29,,,,,1,,1,3,,,,,4,4,,4,4,4,4,4,4,2,4,3
45,1,26,,,,,2,,4,9,,,,"Quasi government ",4,4,3,3,4,4,4,3,4,4,3,3
46,2,40,,,,,2,,1,3,,,,,4,4,4,4,3,4,4,3,3,4,4,4
47,2,37,,,,,2,,1,1,,,,,3,4,4,3,3,4,4,3,4,4,4,4
48,1,33,,,,,1,,1,6,,,,,4,4,5,5,4,4,4,4,4,4,3,3
49,1,28,,,,,3,,3,4,,,,,5,3,4,4,4,4,5,4,4,5,4,4
50,1,35,,,,,3,,4,3,,,,,5,5,5,5,4,4,4,4,4,4,4,4
51,1,56,,,,,2,,1,3,,,,,4,4,4,4,4,4,5,4,4,5,5,4
52,2,36,,,,,2,,4,3,,,,,5,5,5,5,4,4,4,3,4,4,4,3
53,1,47,,,,,2,,1,1,,,,,3,3,3,3,3,3,4,3,4,4,4,3
54,1,26,,,,,3,,3,8,,,,,4,4,4,4,4,4,4,4,4,4,4,4
55,2,31,,,,,1,,1,9,,,,DHD,5,5,5,5,4,4,5,5,4,4,4,4
56,1,41,,,,,3,,3,7,,,,,5,5,5,5,5,5,5,5,5,,5,5
57,2,27,,,,,1,,1,1,,,,,5,5,5,5,5,5,5,5,5,5,5,5
58,1,55,,,,,2,,1,3,,,,,5,5,5,5,5,5,5,5,5,5,5,4
59,,,,,,,,,,,,,,,,,,,,,,,,,,
60,1,28,,,,,3,,1,7,,,,,2,2,2,2,3,3,4,2,2,2,2,3
61,1,35,,,,,1,,4,3,,,,,4,4,4,4,4,4,4,4,4,5,5,4
62,,,,,,,,,,,,,,,,,,,,,,,,,,
63,1,28,,,,,1,,3,4,,,,,2,4,4,4,4,4,4,2,4,4,4,2
64,2,27,,,,,1,,1,3,,,,,4,4,4,4,4,4,4,4,4,4,4,4
65,2,27,,,,,1,,1,1,,,,,4,5,4,4,4,4,4,3,2,4,4,4
66,1,32,,,,,2,,1,3,,,,,5,5,5,5,5,5,5,5,5,5,5,5
67,2,34,,,,,9,,1,3,,,,,2,2,2,2,2,2,2,2,2,2,2,2
68,1,27,,,,,8,,4,7,,,,,4,4,4,4,4,4,4,3,4,4,4,4
69,2,48,,,,,2,,1,3,,,,,1,1,4,,5,5,5,4,4,4,4,4
70,2,32,,,,,1,,1,3,,,,,4,4,4,4,4,4,4,5,4,4,3,4
71,1,32,,,,,8,,3,7,,,,,4,4,3,4,4,3,3,4,4,4,4,2
72,2,38,,,,,2,,1,2,,,,,4,4,4,4,4,4,4,4,4,4,4,4
73,2,35,,,,,2,,1,1,,,,,4,4,4,4,4,4,4,4,3,4,3,3
74,1,34,,,,,2,,1,1,,,,,5,5,5,5,5,5,5,5,5,5,5,5
75,2,57,,,,,2,,1,1,,,,,5,5,5,5,5,5,5,5,4,4,4,4
76,2,38,,,,,2,,1,5,,,,,4,4,4,4,4,4,4,4,4,4,4,3
77,1,32,,,,,2,,1,1,,,,,5,4,5,5,5,5,5,5,5,5,5,4
78,2,30,,,,,1,,1,3,,,,,4,5,4,4,5,4,4,2,2,4,4,4
79,1,41,,,,,2,,4,9,,,,"Industrial ",5,5,5,5,4,5,5,4,5,5,5,5
80,2,28,,,,,1,,1,1,,,,,4,5,4,4,5,5,2,4,2,4,4,1
81,1,32,,,,,1,,1,3,,,,,4,4,4,4,4,4,4,4,4,4,4,4
82,2,35,,,,,1,,1,6,,,,,4,4,4,4,4,4,4,4,4,4,2,2
83,1,35,,,,,2,,2,3,,,,,4,4,4,4,3,3,4,3,4,4,3,3
84,2,42,,,,,2,,1,5,,,,,4,4,4,4,3,3,4,4,4,4,4,3
85,2,29,,,,,1,,1,4,,,,,4,4,4,5,4,4,4,4,4,4,2,2
86,,,,,,,,,,,,,,,,,,,,,,,,,,
87,2,41,,,,,2,,1,1,,,,,4,4,4,4,4,4,4,4,4,4,4,4
88,1,42,,,,,2,,1,3,,,,,5,5,5,5,5,5,5,4,4,4,4,4
89,1,59,,,,,2,,1,9,,,,"Health Policy",5,5,5,5,5,5,5,5,5,5,5,5
90,2,36,,,,,1,,1,3,,,,,3,4,4,4,2,4,4,3,4,4,4,4
91,2,36,,,,,2,,2,3,,,,,5,5,5,5,5,5,5,5,4,4,4,4
92,1,43,,,,,2,,3,3,,,,,5,5,5,5,4,4,4,3,4,4,4,4
93,1,35,,,,,2,,1,1,,,,,4,4,4,4,3,4,3,3,3,4,4,3
94,1,26,,,,,1,,3,8,,,,,3,,,,,,,,,,,
95,2,35,,,,,2,,1,1,,,,,4,4,4,4,4,4,2,4,2,4,4,2
96,1,34,,,,,2,,1,3,,,,,4,4,3,4,3,3,4,3,4,4,4,3
97,1,36,,,,,2,,4,2,,,,,4,4,5,4,5,5,4,4,5,4,4,3
98,1,47,,,,,2,,4,3,,,,,5,5,4,4,4,4,4,5,4,4,4,5
99,1,45,,,,,2,,1,3,,,,,4,4,4,4,4,4,4,3,4,4,4,4
100,2,38,,,,,1,,1,2,,,,,4,4,4,5,4,4,4,4,4,4,4,5
101,1,37,,,,,9,,1,3,,,,,4,4,4,5,4,4,4,3,5,4,4,2
102,2,24,,,,,1,,1,5,,,,,4,4,4,4,4,4,4,4,5,5,4,4
103,2,34,,,,,1,,1,3,,,,,5,5,5,5,5,5,5,5,5,5,5,5
104,,,,,,,,,,,,,,,,,,,,,,,,,,
105,2,33,,,,,1,,1,2,,,,,4,4,4,4,4,4,4,4,4,4,4,3
106,1,37,,,,,2,,1,2,,,,,4,4,4,4,5,4,4,4,4,4,4,4
107,1,33,,,,,2,,1,1,,,,,4,5,4,5,5,4,5,4,,5,5,5
108,1,30,,,,,1,,1,5,,,,,4,4,,4,4,4,4,4,4,4,5,4
109,2,37,,,,,2,,1,1,,,,,4,4,4,4,4,3,3,3,3,4,4,1
110,1,31,,,,,1,,3,8,,,,,4,5,4,4,4,4,4,4,4,4,4,4
111,2,40,,,,,1,,3,4,,,,,4,4,5,5,4,4,4,4,4,4,4,3
112,2,30,,,,,1,,3,3,,,,,4,4,4,4,4,4,4,2,4,4,4,4
113,,,,,,,,,,,,,,,,,,,,,,,,,,
114,1,29,,,,,2,,3,3,,,,,4,4,4,4,4,5,5,5,5,5,5,5
115,1,29,,,,,9,,3,3,,,,,4,5,4,5,5,4,5,4,5,5,5,5
116,1,26,,,,,1,,3,3,,,,,4,4,4,4,5,,4,4,4,4,3,4
117,,,,,,,,,,,,,,,,,,,,,,,,,,
118,2,36,,,,,1,,4,3,,,,,4,4,4,4,4,4,4,4,4,4,4,4
119,2,39,,,,,2,,1,1,,,,,4,3,3,4,3,3,4,,,4,4,3
120,1,41,,,,,2,,1,1,,,,,4,4,3,3,4,4,5,3,4,5,4,4
121,1,28,,,,,2,,3,5,,,,,5,5,5,5,5,5,5,5,5,5,5,5
122,1,33,,,,,2,,1,1,,,,,4,4,4,4,3,3,5,4,4,4,4,4
123,2,38,,,,,2,,1,3,,,,,4,4,4,4,4,4,4,4,4,5,5,4
124,1,57,,,,,9,,1,1,,,,,4,4,4,4,4,4,4,4,4,4,4,4
125,1,35,,,,,1,,4,3,,,,,5,4,4,4,4,4,4,4,4,4,4,4
126,1,40,,,,,2,,1,3,,,,,5,5,5,5,5,4,4,4,4,4,4,4
127,1,43,,,,,2,,3,3,,,,,4,4,4,4,4,4,4,5,4,4,4,2
128,1,38,,,,,2,,1,3,,,,,4,4,3,4,4,4,5,4,4,4,4,4
129,2,36,,,,,3,,3,9,,,,"Private laboratory ",4,4,3,4,4,4,4,4,4,4,4,4
130,2,48,,,,,1,,1,3,,,,,5,5,5,5,4,4,4,4,4,4,4,4
131,1,37,4,,2,1,2,,1,2,Medical,11,7,,4,4,4,4,4,4,4,4,4,4,4,4
132,2,21,1,,2,2,9,"Student ",1,9,Triage,3,1,"Hospital ",5,4,5,5,4,5,5,3,5,5,4,4
133,1,36,4,,2,2,2,,3,4,Obs,4,10,,4,4,4,4,4,3,4,4,3,4,4,3
134,2,57,3,,2,1,1,,1,2,"Administration ",2,,,4,4,4,4,4,5,2,4,5,2,4,2
135,2,35,2,,2,1,1,,1,3,"Out patient department",7,8,,4,4,4,4,4,4,4,4,4,4,4,4
136,1,42,4,,2,1,2,,1,1,"Medicine ",2,16,,5,5,5,5,5,5,5,5,5,5,5,5
137,1,63,5,,2,2,2,,3,4,Outpatient,1,32,,4,4,4,4,4,4,4,3,4,4,4,3
138,,,,,,,,,,,,,,,,,,,,,,,,,,
139,1,35,3,,2,1,9,"Biomedical Engineer",1,2,"Clinical Engineering ",5,6,,5,5,5,5,5,5,5,5,3,3,3,2
140,1,52,3,,2,1,2,,1,1,O&G,11,22,,4,4,4,4,4,4,4,2,4,4,4,4
141,1,36,7,"FRCR ",2,1,2,,1,1,Radiology,1,10,,4,4,4,5,4,4,5,4,4,4,4,4
142,2,32,5,,2,1,1,,4,9,"Private ward",2,10,"Primary health care provider ",4,4,4,4,4,4,5,5,4,4,4,4
143,1,32,3,,2,1,9,"Physician Assistant ",1,3,Opd,,,,4,4,4,5,4,4,4,,5,5,5,5
144,1,47,7,"MBChB, Fellowship- WACP, GCPS",2,1,2,,1,1,"Community Health",1,18,,4,4,4,4,4,4,4,4,4,4,4,4
145,1,35,4,,2,1,2,,1,3,"Emergency Medicine ",2,10,,4,4,4,4,5,4,5,5,5,5,5,5
146,1,57,5,,2,2,2,,1,3,"CHILD HEALTH",11,20,,4,4,4,4,4,3,3,3,3,4,3,2
147,1,39,4,,2,1,2,,2,3,"Emergency Unit",2,8,,5,4,5,5,5,5,5,5,5,5,5,5
148,2,32,4,,2,1,2,,4,3,"family medicine",2,5,,4,4,4,4,4,4,4,4,4,4,4,4
149,2,29,5,,2,1,1,,1,1,"Intensive Care unit",2,4,,4,4,4,4,4,4,4,4,4,4,4,5
150,1,34,3,,2,2,1,,1,1,"Medicine ",2,5,,4,4,4,4,4,4,4,4,4,4,4,4
151,2,47,7,"Post-graduate ",2,1,2,,1,1,"Medical ",2,20,,5,5,5,5,5,3,5,5,1,5,5,3
152,2,35,4,,2,1,2,,1,1,"Family Medicine ",11,7,,4,4,4,4,4,4,4,4,2,4,5,4
153,1,43,3,,2,2,1,,2,3,Opd,2,12,,4,4,4,4,4,4,5,4,4,4,4,4
154,,,,,,,,,,,,,,,,,,,,,,,,,,
155,1,34,5,,2,2,2,,3,4,"Primary Care",1,10,,3,4,3,4,3,3,4,3,4,4,4,3
156,2,30,2,,2,1,9,Midwife,4,3,Maternity,2,5,,4,4,4,4,4,4,4,4,4,4,4,4
157,,,,,,,,,,,,,,,,,,,,,,,,,,
158,1,30,3,,2,2,7,,1,1,"Compounding unit",1,6,,4,4,5,5,4,4,3,4,4,4,4,3
159,2,28,4,,2,1,2,,1,2,"Internal medicine ",3,4,,4,4,4,4,4,4,4,4,4,4,4,4
160,1,26,3,,2,1,7,,1,1,"Accident and Emergency ",16,2,,5,5,5,5,5,5,5,5,5,5,5,5
161,1,27,5,,2,1,9,"Physician Assistant",1,5,"Ward and opd",1,4,,4,4,4,4,4,4,4,4,4,4,4,4
162,,,,,,,,,,,,,,,,,,,,,,,,,,
163,1,31,3,,2,1,9,"Physician Assistant ",1,6,OPD,2,3,,4,4,3,4,4,4,4,4,4,4,4,3
164,1,33,2,,2,1,9,"HEALTH PROMOTION OFFICER",1,9,"DISTRICT HEALTH DIRECTORATE",2,11,"ADANSI ASOKWA DISTRICT HEALTH DIRECTORATE",3,3,4,4,4,4,4,4,4,4,4,3
165,1,30,3,,2,1,3,,2,3,Lab,15,6,,4,4,4,4,4,4,4,3,4,4,4,3
166,1,31,4,,2,1,2,,1,2,Surgery,5,5,,3,4,4,4,4,4,4,4,4,4,4,3
167,2,27,2,,2,1,6,,1,9,"Port health unit",8,1,"Border ",4,5,4,4,4,4,4,4,4,4,4,4
168,2,35,3,,2,1,1,,4,7,"Out patient department (ENT)",1,1,,4,4,4,4,4,4,4,4,4,4,4,4
169,1,28,3,,2,2,1,,1,3,Children's,8,4,,4,5,5,5,5,5,4,4,3,4,4,3
170,2,38,7,GCNM,2,1,1,,1,1,"Internal Medicine",2,15,,4,4,4,4,4,4,4,3,3,4,4,4
171,1,45,3,,2,2,9,"Physician Assistant",4,3,Emergency,4,15,,4,4,4,4,4,4,4,4,4,4,4,4
172,1,30,5,,2,2,2,,3,4,Medical,2,5,,4,4,4,4,4,4,4,4,4,4,4,4
173,2,33,4,,2,2,2,,1,1,"Family medicine ",2,7,,3,4,4,3,4,4,4,5,4,4,4,4
174,1,46,5,,2,2,6,,3,8,"Epidemiology ",1,18,,5,4,4,4,4,5,5,4,5,5,5,5
175,2,48,5,,2,1,1,,1,3,"Medical/ Surgical ",4,21,,2,2,,3,4,4,4,1,4,2,4,4
176,1,32,3,,2,2,1,,1,3,Theatre,5,9,,5,5,5,5,4,4,4,4,4,4,4,3
177,2,28,4,,2,2,2,,1,1,"Anaesthesia ",1,3,,4,4,4,4,4,4,4,4,4,4,4,3
178,1,37,3,,2,1,1,,1,2,"mental health",8,13,,5,5,4,4,4,4,4,4,4,5,4,4
179,1,40,2,,2,1,9,Anaesthesia,1,3,Theatre,7,14,,4,5,5,5,4,4,4,5,2,4,4,4
180,2,29,3,,2,2,9,"Physician Assistant ",1,3,"All the wards",12,2,,4,4,4,4,4,4,3,4,3,4,4,4
181,1,54,7,"Pharm D",2,2,7,,3,9,"Community Pharmacy",1,8,"Community pharmacy ",4,4,4,4,4,4,4,4,4,4,3,4
182,1,27,7,PharmD,2,1,7,,1,1,"Family medicine ",2,3,,4,4,4,4,4,4,4,4,4,4,4,4
183,1,30,4,,2,1,2,,2,4,OPD,2,6,,4,4,4,5,5,4,4,5,5,5,4,5
184,1,30,2,,2,1,9,"Health Information Officer ",2,6,"Health information ",2,4,,4,4,4,4,4,4,4,4,5,5,4,4
185,1,28,3,,2,1,1,,4,1,Emergency,2,2,,4,5,5,4,5,5,4,4,5,5,4,4
186,1,30,4,,2,1,2,,1,2,Emergency,1,6,,2,2,2,3,1,4,3,1,4,4,2,4
187,1,28,1,,2,1,6,,1,5,"Disease control unit",16,4,,4,4,4,4,4,4,4,4,4,4,4,4
188,2,32,4,,2,2,2,,3,1,"Fam Med",1,8,,,,,,,,,,,,,
189,1,28,2,,2,2,6,,1,3,"Environmental health ",3,2,,4,4,4,4,4,4,4,4,4,4,4,4
190,1,28,3,,2,2,5,,1,6,"Nutrition unit",15,1,,4,4,4,4,4,4,4,4,4,5,4,2
191,2,47,3,,2,1,9,"Physician Assistantsistant",1,6,Unit,4,14,,5,5,5,5,5,5,5,5,5,5,5,4
192,2,29,2,,2,1,1,,1,6,OPD,16,4,,4,5,5,5,4,4,4,4,3,4,3,4
193,2,25,3,,2,2,5,,1,1,"Diet and Nutrition Unit",16,3,,3,3,3,3,4,4,4,3,2,2,3,3
194,1,28,3,,2,2,9,"Physician assistant ",2,6,"OPD,IPD",2,5,,4,4,4,4,3,4,4,2,4,4,4,2
195,1,42,3,,2,2,6,,1,2,"Disease Control",11,11,,4,4,4,4,4,4,4,4,4,4,4,3
196,1,27,1,,2,2,1,,2,3,Female,14,2,,5,4,4,5,4,4,4,4,4,4,4,4
197,1,36,2,,2,2,6,,1,9,"Health Directorate ",4,12,"Municipal Health Directorate ",4,4,4,4,4,4,4,4,4,5,5,5
198,2,28,2,,2,1,7,,1,1,"Highly Infectious Isolation unit",2,1,,4,4,4,4,4,4,4,4,4,4,4,4
199,2,32,3,,2,1,1,,4,3,"Recovery ward",13,10,,4,4,4,4,4,4,4,4,4,4,4,4
200,2,26,3,,2,2,7,,1,3,"Pharmacy ",8,2,,4,4,4,4,4,4,4,4,4,4,4,4
201,1,26,3,,2,1,9,"Physician assistant ",2,3,"Medical ward ",6,1,,4,4,4,5,4,4,5,4,5,5,4,5
202,1,36,2,,2,1,6,,1,6,"Mental health",8,4,,5,4,4,4,3,3,4,5,4,4,4,3
203,2,46,5,,2,1,7,,1,3,Pharmacy,2,15,,1,2,1,1,1,1,1,1,1,1,1,1
204,1,33,5,,2,2,9,"Optometrist ",2,3,"Eye unit",16,7,,4,4,4,4,4,5,4,4,4,4,4,4
205,1,33,4,,2,1,2,,1,1,"Obstetrics and Gynecology",2,9,,4,4,4,4,4,4,4,4,4,4,4,4
206,1,31,3,,2,1,7,,1,7,"Clinical Trials",13,5,,4,4,4,4,4,4,4,4,4,4,4,4
207,2,28,4,,2,1,2,,4,1,"Anaesthesia ",1,4,,5,5,5,5,5,5,5,5,5,5,5,5
208,1,31,3,,2,2,1,,1,1,"Internal medicine",11,7,,5,4,4,4,4,4,4,4,4,4,4,4
209,1,37,2,,2,1,9,"Physician Assistant ",1,3,OPD,5,10,,5,4,4,5,4,4,4,4,4,4,4,3
210,2,26,3,,2,1,4,,1,1,Physiotherapy,8,4,,4,4,4,4,4,4,4,4,4,4,4,4
211,1,37,5,,2,2,9,"Anaesthetist ",1,2,"Theater ",1,14,,4,4,4,4,5,4,4,4,4,5,5,4
212,1,28,3,,2,2,1,,1,3,"Theater ",13,1,,4,4,5,4,4,4,5,5,4,4,4,4
213,1,32,2,,2,2,1,,1,1,Oncology,2,5,,3,3,4,4,3,4,3,4,3,3,3,3
214,2,,1,,2,1,9,"Laboratory assistance",1,6,Laboratory,12,3,,4,2,4,4,4,2,2,4,4,2,2,2
215,1,34,4,,2,2,2,,1,1,"Medicine ",16,8,,5,5,5,5,5,5,5,4,4,4,4,4
216,1,28,4,,2,1,2,,1,6,OPD,8,1,,4,5,5,5,5,5,3,5,4,4,4,3
217,1,35,3,,2,1,1,,2,6,General,9,9,,4,4,4,4,4,4,4,3,4,3,4,3
218,1,39,5,,2,2,9,DIETITIAN,4,6,"NUTRITION AND DIETETICS",1,6,,5,5,5,5,5,5,5,5,4,4,4,5
219,2,30,3,,2,1,7,,3,9,Community,2,5,"Community Pharmacy",4,4,4,4,4,4,4,4,4,4,4,3
220,1,33,3,,2,2,1,,4,3,Emergency,2,9,,5,4,4,4,4,4,4,4,4,4,4,4
221,1,30,4,,2,2,2,,2,3,"Internal medicine",3,3,,4,4,3,4,4,4,4,4,3,4,4,5
222,2,39,2,,2,2,9,"Physician Assistant",4,4,Medical,3,5,,4,4,4,4,4,4,4,4,4,4,5,5
223,2,41,3,,2,1,1,,1,1,"Child Health Dept",1,16,,4,4,4,4,4,4,4,4,4,4,4,4
224,,,,,,,,,,,,,,,,,,,,,,,,,,
225,1,44,2,,2,1,6,,1,9,"Health Promotion unit",7,5,"Health Directorate ",5,4,5,5,5,5,5,5,5,5,5,5
226,1,37,3,,2,1,3,,1,3,Laboratory,4,11,,5,4,4,4,4,4,4,4,4,4,4,4
227,1,30,2,,2,2,6,,1,1,"Emergency medicine ",2,4,,4,4,4,4,4,4,4,4,4,4,4,4
228,1,33,5,,2,2,7,,3,8,1,1,7,,5,5,4,5,5,5,4,4,5,4,4,4
229,1,29,4,,2,2,2,,2,3,Medical,1,4,,4,4,5,4,3,4,3,4,3,4,4,2
230,1,30,4,,2,2,2,,1,1,Surgery,11,3,,5,5,5,5,5,5,5,5,5,5,5,5
231,2,29,2,,2,1,1,,1,6,OPD,10,3,,3,3,4,3,3,3,3,3,3,3,3,3
232,1,31,5,,2,1,1,,1,2,"Quality Manager",11,8,,4,4,4,5,3,4,2,4,3,4,3,3
233,2,28,2,,2,2,9,"Health Information Officer ",1,1,"Accident and Emergency ",1,4,,4,3,4,5,4,4,4,3,4,4,4,4
234,1,42,7,MGCPS,2,2,2,,1,1,ENT,2,15,,4,5,5,5,5,5,4,4,4,4,4,4
235,2,30,2,,2,2,3,,1,3,Laboratory,2,6,,4,4,4,4,4,4,4,3,4,4,3,3
236,1,30,3,,2,2,9,"Physician assistant ",1,6,"Incharge ",3,1,,4,4,4,4,4,4,5,4,3,3,4,3
237,2,35,4,,2,2,2,,1,1,"Medical ",1,6,,4,4,4,4,4,4,4,4,4,4,4,4
238,1,34,1,,2,1,1,,1,9,"Ambulance unit",2,11,"National Ambulance service",4,4,4,4,4,4,4,4,3,4,3,4
239,1,23,3,,2,2,2,,3,6,"Radiology ",1,1,,5,5,5,5,5,5,5,5,5,5,5,5
240,2,29,4,,2,2,2,,1,1,"Psychiatry ",2,5,,4,4,4,4,4,4,4,4,4,4,4,4
241,2,25,2,,2,1,6,,1,9,"Environmental Health Dept",1,1,"Municipal Assembly ",4,4,4,4,4,4,4,4,4,4,4,4
242,1,27,3,,2,1,9,Radiographer,1,1,Radiology,2,3,,5,5,5,5,5,5,4,4,4,4,4,4
243,2,39,5,,2,1,1,,1,3,"Eye unit",2,16,,4,5,4,4,4,4,4,4,5,4,4,4
244,1,28,5,,2,2,9,"Sonographer ",3,4,"Radiology ",2,4,,3,2,4,4,3,3,4,3,4,4,4,4
245,1,29,3,,2,2,9,"Physician Assistant",1,3,"Internal Medicine",2,2,,4,4,4,4,4,4,4,4,4,4,4,4
246,1,29,3,,2,2,7,,3,9,Pharmacy,1,5,"Community Pharmacy",5,5,5,5,5,5,5,5,5,5,5,5
247,1,32,1,,2,2,6,,1,3,"Disease Control Unit",7,4,,4,4,5,5,4,4,4,4,4,4,4,5
248,2,34,3,,2,2,1,,2,3,"Accident & Emergency",15,12,,4,4,4,4,3,2,3,3,4,4,2,4
249,1,39,5,,2,2,6,,1,1,"Public Health Unit ",2,13,,4,4,4,4,4,4,4,4,4,4,4,4
250,1,30,5,,2,2,3,,1,1,"Virology ",2,8,,4,5,5,5,4,4,4,5,4,4,4,3
251,1,41,5,,2,1,2,,3,4,"Occupational Health ",4,13,,4,4,4,4,4,4,3,4,3,3,3,3
252,2,46,4,,2,1,2,,1,3,"Child Health ",2,17,,4,4,4,4,4,4,4,5,4,5,4,3
253,1,39,3,,2,1,9,"Speech and language therapist",3,9,"Paediatric clinic",1,3,"Private Rehabilitation cli",3,4,4,4,4,3,4,4,4,4,5,3
254,1,40,4,,2,1,2,,1,1,Ophthalmology,8,2,,5,5,5,5,5,4,4,4,5,5,5,4
255,2,28,3,,2,2,7,,3,6,"Pharmacy ",1,1,,4,5,5,4,4,4,4,3,4,4,4,4
256,2,40,3,,2,1,1,,1,1,"Medicine ",2,13,,5,2,4,4,4,4,4,5,4,4,4,4
257,1,39,5,,2,2,11,,1,9,"Health Training Institution",13,16,"Training Institution",5,5,5,5,4,4,4,5,5,4,5,4
258,1,40,3,,2,1,1,,1,3,"Stroke unit",3,13,,4,4,4,4,3,3,3,4,4,4,4,3
259,1,31,3,,2,2,12,,2,6,"OPD ",15,5,,4,4,3,4,4,3,4,3,4,4,4,4
260,2,35,3,,2,1,10,,1,1,"Public health ",2,11,,4,4,4,4,4,4,4,4,4,4,4,4
261,2,61,6,,2,1,2,,3,3,"Surgical ",2,31,,5,4,4,4,5,4,5,4,4,5,5,5
262,1,33,2,,2,1,9,"Health Promotion Officer ",1,9,"District Health Directorate",4,11,"District Health Directorate ",4,4,4,4,4,4,4,4,5,5,5,4
263,2,27,3,,2,2,7,,1,1,"specialist pharmacy",16,3,,4,4,4,4,4,4,4,4,5,5,4,3
264,2,37,4,,2,2,2,,2,3,"Medical ",1,7,,4,4,4,4,4,4,4,3,3,3,3,4
265,2,28,2,,2,2,1,,1,3,Maternity,2,2,,4,4,4,4,4,4,4,4,4,4,4,4
266,1,30,3,,2,1,12,,1,6,"Facility in charge",8,3,,3,4,4,4,4,3,2,3,2,2,2,1
267,1,32,5,,2,1,6,,3,8,"Public Health ",1,7,,5,5,5,5,5,5,5,5,5,5,5,5
268,1,37,5,,2,2,10,,1,1,"Biostatistics - Child Health ",2,11,,5,5,5,5,4,5,4,4,4,4,4,3
269,1,36,3,,2,1,9,Optometrist,1,3,Eye,2,8,,,,,,,,,,,,,
270,2,26,2,,2,2,1,,1,3,"Maternity ",14,02,,4,4,4,4,4,4,4,4,4,4,4,4
271,2,31,3,,2,2,7,,3,9,"Community pharmacy ",1,3,"Community pharmacy ",5,5,4,5,4,4,4,4,4,4,4,4
272,1,31,3,,2,2,12,,2,3,OPD,11,8,,5,5,5,5,5,4,4,4,5,5,5,5
273,2,33,2,,2,2,1,,1,1,"Public health unit",2,10,,4,4,4,4,4,4,4,4,4,5,4,5
274,1,56,2,,2,1,9,"Pharmacy Technician ",1,1,"Pharmacy (Medicine Directorate ",2,22,,4,4,5,5,4,5,4,4,2,5,4,4
275,2,53,7,"Post Graduate Diploma",2,1,9,Midwifery,1,9,"Municipal Health Directorate/RCH Unit",13,27,"Municipal Heaith Directorate",5,5,5,5,5,5,5,4,5,5,5,4
276,1,43,5,,2,1,7,,1,1,"Chest clinic",2,20,,4,4,4,4,4,4,4,4,4,4,4,4
277,2,36,3,,2,2,1,,1,1,"Medical ward ",2,9,,4,4,4,4,4,4,5,4,4,4,4,4
278,1,33,3,,2,2,1,,2,2,Emergency,13,7,,4,4,4,4,4,4,4,4,2,4,4,4
279,1,34,3,,2,2,12,,1,6,opd,4,4,,4,5,3,4,3,5,3,3,4,4,4,2
280,1,35,4,,2,2,2,,1,2,"Internal Medicine",1,5,,5,5,4,4,4,4,4,3,4,4,4,4
281,1,41,3,,2,1,7,,3,9,Pharmacy,1,16,Pharmacy,4,4,4,4,4,4,4,4,4,4,4,4
282,2,73,7,"MD, MPH, Surgical Specialist",2,1,2,,2,3,Pediatric/NICU,11,45,,4,4,4,4,4,4,4,4,4,4,4,4
283,1,33,5,,2,2,7,,3,8,"Pharmacy ",1,11,,5,5,5,5,5,5,5,5,5,5,5,5
284,2,29,4,,2,2,2,,1,3,General,3,3,,3,3,3,3,3,3,5,2,4,4,4,3
285,2,32,7,MBBS,2,1,2,,2,3,EMERGENCY,8,6,,4,4,4,4,4,4,4,4,4,4,4,4
286,1,35,3,,2,1,12,,1,3,OPD,6,8,,5,5,5,5,5,5,5,5,5,5,5,5
287,1,30,4,,2,2,2,,2,3,"Pediatric ",16,5,,5,5,4,5,4,4,5,4,5,5,4,3
288,1,31,3,,2,1,12,,1,3,"OPD ",10,4,,5,5,5,5,5,5,4,3,5,5,5,3
289,2,28,3,,2,2,1,,1,2,ICU,1,4,,4,4,4,4,4,4,4,3,4,4,4,4
290,1,30,3,,2,2,12,,1,3,"Out Patient Department ",2,2,,4,4,4,4,4,4,4,4,2,4,4,4
291,1,28,4,,2,2,2,,2,3,Medical,3,3,,5,4,4,4,4,4,4,4,4,4,4,4
292,1,33,3,,2,2,1,,1,3,Theatre,7,3,,4,4,4,4,4,5,4,5,4,4,4,3
293,2,36,2,,2,2,1,,4,3,"Pediatric unit",2,11,,4,5,4,4,4,4,4,4,4,4,4,4
294,1,35,3,,2,1,7,,2,3,Pharmacy,3,5,,5,4,4,4,4,4,4,5,5,4,5,4
295,1,39,2,,2,1,1,,1,3,Theater,7,5,,5,5,5,5,5,5,5,5,5,5,5,5
296,1,32,2,,2,2,1,,1,3,Paediatric,6,5,,4,4,4,4,4,5,5,5,5,5,4,4
297,1,36,3,,2,1,1,,1,3,"General ward",12,10,,4,5,4,4,4,5,4,4,3,4,4,4
298,1,37,6,,2,1,7,,1,1,"Pharmacy directorate/Clinical Pharmacy unit/internal Medicine",16,7,,4,4,4,4,4,4,4,4,4,4,4,4
299,1,34,5,,2,1,9,"Doctor of Optometry",2,3,Eye,1,8,,5,5,5,5,5,5,5,4,5,5,5,4
300,2,40,5,,2,2,2,,1,5,"OPD ",1,14,,4,3,4,3,3,3,2,2,3,4,4,4
301,2,38,3,,2,1,9,"Health Promotion officer",1,2,"Health Promotion unit",15,13,,5,4,4,4,4,4,4,4,4,4,4,4
302,1,28,3,,2,1,1,,2,3,"Male Ward ",1,3,,4,4,4,4,4,4,4,4,4,4,4,4
303,2,35,3,,2,1,7,,1,2,"Pharmacy ",2,11,,4,4,4,4,4,4,3,4,3,3,3,3
304,1,28,4,,2,1,2,,1,6,Clinical,14,4,,4,4,4,4,4,4,2,4,2,2,2,2
305,1,35,3,,2,1,1,,3,4,Theater,1,11,,5,4,4,4,4,4,4,4,4,4,4,4
306,2,25,2,,2,2,6,,1,9,"Environmental health ",16,3,"Port health",4,4,4,4,4,4,3,4,4,4,4,4
307,1,31,2,,2,2,1,,4,1,"Trauma and surgical emergency ",1,5,,3,3,3,4,4,4,4,4,4,4,4,4
308,1,32,3,,2,1,9,Mason,1,3,Nutrition,4,1,,4,4,4,5,4,4,4,4,4,5,5,4
309,2,37,5,,2,1,2,,1,5,"Emergency ",11,10,,4,5,4,4,5,5,5,5,5,5,5,5
310,1,39,5,,2,1,6,,1,1,"Public Health Unit",2,13,,5,5,4,4,4,4,4,4,5,5,5,3
311,2,30,5,,2,1,2,,1,1,"Public health",2,5,,5,5,5,5,4,4,4,4,4,4,5,4
312,1,33,3,,2,2,3,,1,3,"Laboratory ",13,8,,4,4,4,4,4,4,4,4,4,4,4,4
313,1,29,4,,2,2,2,,1,3,"Medical ",2,5,,4,4,4,4,4,4,5,4,4,5,5,5
314,1,25,3,,2,1,7,,3,9,"Community practice ",3,2,"Community pharmacy",4,4,4,4,4,5,4,4,4,4,4,3
315,1,33,3,,2,2,1,,1,1,"Internal Medicine",2,9,,4,4,4,4,4,3,3,3,3,3,4,4
316,1,33,3,,2,2,1,,1,3,Anaesthesia,7,9,,4,4,4,4,4,4,4,4,4,4,4,4
317,2,25,3,,2,1,7,,1,1,"Pharmacy ",11,3,,4,4,4,4,4,3,4,3,4,4,3,4
318,1,36,5,,2,2,9,Audiologist,1,4,Audiology,16,4,,4,4,4,4,4,4,4,4,4,4,4,4
319,2,30,2,,2,1,1,,1,1,"Paediatric Emergency unit",2,8,,5,5,5,5,5,5,4,5,4,4,5,3
320,2,27,3,,2,2,4,,3,4,Physiotherapy,1,2,,4,4,4,4,4,4,2,4,4,4,4,4
321,1,31,3,,2,2,12,,2,9,OPD,2,9,Hospital-CHAG,4,4,4,5,5,5,4,4,4,4,4,4
322,1,36,4,,2,1,2,,2,3,Surgery,13,8,,4,4,4,4,4,4,4,3,4,4,4,3
323,2,29,,,,,,,,,"Internal Medicine",1,4,,4,4,4,4,4,4,4,4,4,4,4,4
324,2,33,3,,2,1,1,,1,3,"Emergency department ",14,9,,5,4,5,5,4,5,5,5,5,4,4,4
325,,,,,,,,,,,,,,,,,,,,,,,,,,
326,2,35,3,,2,2,9,Midwife,2,3,Maternity,13,12,,4,4,4,5,4,4,4,4,4,4,4,4
327,2,28,3,,2,2,7,,1,3,"Pharmacy ",3,1,,4,4,4,4,4,4,4,4,3,4,4,3
328,1,29,4,,2,1,2,,1,2,"Emergency ",16,3,,4,5,5,4,5,5,5,4,4,4,3,4
329,1,34,5,,2,2,2,,3,4,OPD,1,10,,4,4,4,4,3,3,4,4,3,4,4,4
330,2,28,2,,2,2,4,,1,9,Physiotherapy,12,2,"Christian Health Association Of Ghana",5,4,5,5,5,5,5,5,5,5,5,5
331,2,30,4,,2,1,2,,2,3,Emergency,16,3,,4,5,5,5,4,4,4,5,4,4,4,3
332,2,29,4,,2,2,2,,1,3,"Out- patient department ",1,4,,4,4,4,4,4,3,4,4,4,4,4,4
333,1,35,4,,2,2,2,,3,1,MEDICAL,1,9,,4,5,4,4,4,4,4,4,4,4,4,4
334,2,36,3,,2,2,9,Midwife,1,3,Maternity,2,10,,5,5,5,5,5,5,5,5,5,5,5,5
335,1,27,3,,2,1,7,,3,9,Community,1,4,"Community pharmacy",4,4,4,4,4,4,4,4,4,4,4,4
336,,,,,,,,,,,,,,,,,,,,,,,,,,
337,2,30,2,,2,2,1,,1,1,Surgical,16,3,,4,4,4,4,4,4,4,4,4,4,4,3
338,1,30,4,,2,2,2,,1,1,"Obstetrics and Gynaecology",8,4,,4,4,4,4,4,4,4,4,4,4,4,4
339,2,30,4,,2,1,2,,1,1,"Internal Medicine ",1,5,,4,4,4,4,4,4,4,4,4,4,4,4
340,1,36,3,,2,2,3,,1,5,9,1,8,,4,4,4,4,4,4,4,4,4,4,4,4
341,2,39,3,,1,1,1,,1,1,"Medical emergency",,17,,4,5,4,4,4,4,4,4,4,3,3,3
342,1,28,1,,1,1,1,,2,3,"Theater ",4,3,,4,4,4,4,4,4,3,4,4,4,4,3
343,1,36,4,,2,1,2,,2,3,"Medical ward",13,4,,4,4,4,4,4,4,4,4,4,4,4,3
344,2,25,3,,2,1,1,,1,1,"Medicine and therapeutics",1,1,,5,5,5,5,5,5,4,4,4,4,4,5
345,1,32,3,,2,2,9,"Health Services Administrator",1,1,Path,2,1,,4,4,4,4,4,4,4,4,5,5,5,4
346,1,37,3,,2,1,12,,1,5,OPD,1,13,,4,4,4,4,5,5,5,5,4,4,4,5
347,2,29,4,,2,2,2,,1,1,Radiology,2,3,,5,4,4,5,3,3,3,5,3,4,3,4
348,1,46,3,,2,2,1,,1,6,"Nursing Administration",13,19,,4,4,4,4,4,4,4,4,5,4,4,4
349,1,29,3,,2,2,12,,1,3,"Internal Medicine ",2,2,,4,4,4,4,4,4,4,4,4,4,4,4
350,1,51,6,,2,1,2,,1,1,lab,2,20,,3,3,3,4,4,3,4,4,4,4,4,4
351,2,29,4,,2,2,2,,2,3,"Children ward",4,4,,4,4,4,4,3,3,4,4,3,4,4,3
352,1,28,4,,2,2,2,,2,3,"Emergency ",4,4,,4,4,4,4,4,4,4,4,4,4,5,4
353,2,27,3,,2,2,12,,1,3,"Out patient department",2,1,,4,5,5,5,5,5,5,5,5,5,5,5
354,1,26,3,,2,2,12,,3,4,OPD,2,1,,4,4,3,1,4,1,4,1,5,4,2,1
355,2,30,4,,2,2,2,,1,2,"Medicine:Dm/Hpt clinic ",3,4,,4,4,4,4,4,4,4,4,4,4,4,4
356,2,37,3,,2,1,1,,1,3,"Eye clinic",3,14,,5,5,5,5,5,5,5,5,5,5,5,4
357,2,26,3,,2,2,3,,3,9,Laboratory,2,4,Hospital,4,4,4,4,4,4,4,4,4,4,4,2
358,1,24,3,,2,2,3,,3,9,"Laboratory ",1,4,"Diagnostic centre",4,4,4,4,4,2,2,4,4,4,4,2
359,1,27,3,,2,2,1,,1,1,Thatre,8,2,,4,4,4,4,4,4,5,3,4,4,4,4
360,1,32,3,,2,2,12,,1,3,OPD,3,10,,5,5,5,5,5,5,4,5,5,5,5,4
361,2,26,4,,2,2,2,,4,3,Medicine,2,2,,4,4,4,4,4,4,4,4,3,4,4,4
362,2,28,4,,2,2,2,,4,3,"Internal medicine ",2,1,,5,4,4,5,5,5,5,5,5,5,5,5
363,1,25,2,,2,2,9,"Health Promotion",1,3,"Health promotion unit",2,2,,4,4,4,5,4,4,4,4,4,4,4,4
364,2,29,4,,2,2,2,,4,1,"Child health",1,4,,4,4,4,4,2,2,4,3,2,4,3,3
365,2,29,4,,2,1,2,,1,1,"Anaesthesia ",1,4,,3,3,3,3,4,4,3,4,3,4,3,4
366,1,31,3,,2,2,7,,3,9,"Pharmacy ",1,6,"Community Pharmacy ",5,5,5,5,5,5,5,3,5,5,5,5
367,2,34,1,,2,2,9,"Medicine counter assistant ",3,9,"Community ",1,10,"Chemical shop",4,4,4,4,4,4,3,3,4,4,4,3
368,,,,,,,,,,,,,,,,,,,,,,,,,,
369,1,30,3,,2,2,12,,2,6,OPD,2,4,,4,,4,4,4,4,5,4,4,4,4,
370,2,30,2,,2,1,1,,1,6,"Out patient",11,8,,4,4,4,5,5,4,4,4,5,5,4,4
371,1,41,3,,2,2,9,Radiographer,1,1,Radiology,2,13,,4,4,4,4,4,4,4,4,4,4,4,4
372,1,30,3,,2,1,7,,3,9,PHARMACY,1,5,"COMMUNITY PHARMACY",4,4,4,4,5,4,4,4,4,4,4,4
373,2,28,2,,2,1,1,,3,4,Ward,1,4,,4,4,4,4,4,4,4,4,4,4,4,4
374,1,37,4,,2,1,2,,1,2,Emergency,11,6,,4,4,4,4,4,4,4,4,4,4,4,4
375,1,27,3,,2,2,4,,1,1,Physiotherapist,2,3,,4,4,3,3,4,3,2,3,2,3,3,3
376,1,37,3,,2,1,9,"Supply Chain Management",2,3,Stores,13,7,,3,3,3,3,3,3,3,3,3,3,3,3
377,1,27,3,,2,2,4,,1,2,"Physiotherapy ",4,3,,4,3,3,3,3,3,3,3,3,3,3,3
378,1,33,2,,2,2,10,,2,3,"Health information Unit ",4,4,,5,5,4,4,4,4,4,5,4,4,4,4
379,1,26,2,,2,2,3,,3,7,Laboratory,2,5,,4,3,3,4,4,3,4,3,4,4,4,4
380,2,36,3,,2,2,1,,2,3,"Female medical and surgical unit",16,13,,4,4,4,4,4,4,4,4,4,4,4,4
381,1,33,3,,2,1,3,,1,3,Lab,9,8,,4,4,4,4,4,4,4,4,4,4,4,4
382,2,37,1,,2,1,2,,1,3,"Clinical department ",1,14,,4,4,4,4,3,4,3,3,4,4,4,4
383,,,,,,,,,,,,,,,,,,,,,,,,,,
384,2,21,2,,2,2,1,,1,2,Surgical,1,2,,4,4,4,4,4,4,4,4,4,4,4,4
385,1,55,3,,2,2,12,,4,4,OPD,4,15,,5,5,5,5,4,4,4,5,4,4,4,4
386,2,26,3,,2,1,7,,3,3,"Department of pediatrics and child health",16,7,,5,4,4,5,4,4,4,4,4,4,4,3
387,2,47,6,,2,1,9,dentist,1,1,"orthodontist and Paedodontist",1,24,,4,4,3,4,4,4,4,4,4,4,4,3
388,2,50,2,,2,1,12,,2,3,"General OPD",1,23,,5,5,4,4,4,5,4,4,4,4,4,4
389,1,45,6,,2,2,3,,1,2,"Laboratory ",2,18,,4,4,4,4,4,4,4,4,4,4,4,4
390,2,32,4,,2,2,2,,1,3,General,8,5,,4,4,4,4,4,4,4,4,4,4,4,4
391,1,30,4,,2,2,2,,1,3,"Clinical Care",2,2,,4,4,4,4,4,4,4,3,4,4,4,3
392,1,30,3,,2,2,9,"Diagnostic Radiographer ",1,1,Radiology,2,4,,5,5,5,5,4,4,5,5,5,5,5,5
393,2,27,3,,2,1,4,,3,4,"Physiotherapy ",1,3,,4,3,4,4,4,4,4,3,3,3,3,4
394,2,27,2,,2,2,1,,1,6,OPD,4,2,,4,2,4,4,4,4,4,4,4,4,4,3
395,1,28,3,,2,2,12,,2,5,OPD,16,4,,5,5,5,5,5,4,5,5,5,5,5,5
396,1,27,3,,2,2,1,,3,3,"Emergency ",1,3,,4,5,5,4,5,5,4,4,4,5,5,4
397,1,29,2,,2,2,1,,1,2,"Accident & Emergency",16,5,,4,4,5,5,4,4,4,4,2,4,4,4
398,1,27,4,,2,1,2,,4,3,Medicine,2,1,,,,,,,,,,,,,
399,,,,,,,,,,,,,,,,,,,,,,,,,,
400,1,27,4,,2,1,2,,4,3,Medicine,2,1,,5,5,5,5,5,5,5,5,5,4,4,4
401,1,36,3,,2,1,10,,1,3,"Health Information",3,2,,4,4,4,5,4,4,4,4,4,5,4,4
402,1,30,3,,2,2,3,,1,3,"Laboratory department",3,7,,3,2,1,4,4,4,3,2,4,4,4,4
403,1,40,3,,2,1,7,,2,3,"Pharmacy ",3,13,,4,4,4,4,5,4,4,3,5,5,5,4
404,1,39,5,,2,2,1,,1,3,"Accidents and Emergency",13,15,,4,4,4,4,4,4,4,4,5,5,5,5
405,1,,6,,2,2,6,,1,9,Teaching,10,8,"Nursing and Allied health sciences training college",3,3,3,3,3,3,3,3,3,3,3,3
406,1,35,4,,2,1,2,,1,3,maternity,10,5,,4,4,4,5,5,5,4,4,5,4,5,4
407,1,45,5,,2,2,2,,2,3,"Medical unit",2,17,,4,4,4,4,4,4,4,4,4,4,4,4
408,2,33,7,MWACP,2,2,2,,1,1,Paediatrics,2,9,,4,4,3,4,4,4,4,4,4,4,4,4
409,2,29,5,,2,1,2,,1,3,"Emergency unit ",1,5,,5,5,5,5,5,5,4,5,4,5,5,4
410,2,28,4,,2,2,2,,2,4,Emergency/ward/maternity/OPD,8,3,,4,4,4,4,4,4,4,4,4,4,4,3
411,1,30,4,,2,2,2,,1,3,"General wards",7,5,,2,2,1,1,2,2,,2,2,2,2,2
412,1,38,3,,2,1,12,,1,3,"Mental health ",6,16,,5,5,4,5,4,4,4,5,4,5,5,5
413,1,34,3,,2,2,6,,2,3,"Public health department ",4,10,,3,3,4,4,4,4,3,4,5,4,4,4
414,1,29,3,,2,2,12,,1,5,"General OPD",1,3,,4,4,4,4,4,4,4,4,4,4,4,4
415,1,28,4,,2,2,2,,1,3,general,2,4,,4,4,4,4,4,4,3,3,4,4,4,3
416,2,31,3,,2,1,1,,3,4,OPD,1,8,,4,4,4,4,4,4,4,4,4,4,4,4
417,1,26,3,,2,1,12,,1,3,"Out Patient Department ",3,3,,5,5,4,5,4,4,5,5,4,5,5,4
418,2,30,3,,2,1,2,,1,1,"Child health",2,11,,4,4,3,3,4,4,4,4,4,4,4,4
419,2,46,7,"BDS, HIGHER DIPLOMA",2,1,9,"DENTAL SURGEON",3,9,DENTAL,1,17,PRIVATE,4,4,4,5,5,4,4,4,4,4,4,5
420,2,35,3,,2,2,12,,1,3,OPD,4,9,,4,4,4,4,4,4,4,4,4,4,4,4
421,1,30,4,,2,1,2,,1,3,"OUT PATIENT",3,5,,4,4,4,4,4,4,4,3,3,4,4,2
422,1,39,4,,2,2,2,,2,3,"Medical ",16,,,4,3,4,4,4,4,4,4,4,4,4,4
423,2,35,7,"Resident ",2,1,2,,1,1,"Child health/PEU",2,7,,5,5,5,5,5,5,4,4,4,5,4,3
424,2,40,4,,2,2,2,,2,3,paediatrics,3,12,,5,5,5,5,5,5,4,5,4,5,5,4
425,1,29,2,,2,1,1,,2,2,"Mental health",13,4,,5,5,5,5,5,5,5,4,5,5,5,5
426,1,30,2,,2,1,1,,1,3,Paediatric,2,5,,4,4,4,4,4,4,4,4,4,4,4,4
427,1,32,4,,2,2,2,,1,1,"Surgery ",1,6,,4,4,4,4,5,5,5,4,4,4,4,4
428,2,29,4,,2,2,2,,1,2,Surgery,3,2,,5,5,5,4,4,4,4,4,4,4,5,5
429,1,31,3,,2,2,1,,1,1,"Medical unit",2,6,,4,4,4,4,4,4,4,4,4,5,5,4
430,1,43,3,,2,1,12,,2,3,OPD,2,3,,4,4,4,4,4,4,4,4,4,4,4,4
431,1,36,5,,2,1,2,,1,5,Medical,1,11,,4,4,4,4,4,4,4,4,4,4,4,4
432,1,33,7,MGCS,2,1,2,,1,1,"oral and maxillofacial surgery",2,8,,4,4,3,5,4,4,4,3,1,4,5,1
433,2,28,3,,2,1,3,,1,7,"Laboratory ",2,2,,5,5,5,5,4,4,4,4,4,4,4,4
434,1,34,5,,2,2,3,,4,2,Laboratory,1,10,,5,4,4,4,4,4,4,4,4,4,4,4
435,2,39,4,,2,1,2,,1,2,RADIOLOGY,1,12,,5,4,4,4,4,4,5,4,4,4,4,4
436,1,33,1,,2,2,1,,1,4,CHPS,7,6,,4,4,4,4,4,4,4,4,4,4,4,4
437,2,29,5,,2,2,2,,4,9,Pediatricds,1,4,"Quaternary ",5,5,5,5,5,5,4,5,4,4,4,4
438,1,32,1,,2,1,11,,1,6,"Disease control unit",7,7,,4,4,4,4,4,4,5,4,4,4,4,4
439,1,32,3,,2,2,1,,1,6,Opd,2,7,,4,5,5,5,5,5,5,5,5,2,3,4
440,2,34,5,,2,1,1,,1,1,"Department of Internal Medicine ",1,11,,4,4,4,4,4,4,4,4,4,4,4,4
441,2,42,4,,2,1,2,,2,3,"Paediatrics ",13,16,,5,5,5,5,5,5,5,5,5,5,5,5
442,,,,,,,,,,,,,,,,,,,,,,,,,,
443,2,34,5,,2,1,2,,4,3,OPD,1,8,,3,4,4,4,5,5,4,4,4,4,3,4
444,2,28,3,,2,2,1,,1,3,"Female ",4,2,,4,3,3,4,4,3,3,4,3,4,3,3
445,1,45,5,,2,2,7,,3,9,"Health Systems",1,2,WHO,4,4,4,3,4,4,4,3,4,4,4,4
446,1,42,7,"Post graduate specialization(Specialist Clinical Pharmacist)",2,2,7,,1,2,PHARMACY,6,18,,5,5,5,5,5,5,4,4,4,4,4,4
447,2,27,3,,2,2,7,,1,1,"Specialist ",11,3,,5,5,5,5,5,4,3,5,3,3,4,4
448,2,31,5,,2,1,1,,4,4,Opd,1,9,,4,4,4,4,4,3,4,3,4,4,4,4
449,2,31,4,,2,2,2,,1,5,OPD,1,4,,4,4,4,4,4,4,4,4,4,3,3,3
450,1,28,4,,2,2,2,,1,3,General,2,3,,4,4,4,4,5,4,4,5,5,5,5,4
451,1,27,2,,2,1,10,,1,1,"Health information department ",11,5,,5,4,5,5,5,5,4,5,5,5,4,5
452,1,36,2,,2,1,3,,1,1,immunohematology,16,8,,4,4,4,4,3,5,4,4,5,4,4,3
453,2,37,3,,2,1,1,,4,9,"Emergency ",1,15,"Quaternary ",4,4,4,4,4,4,4,4,4,4,4,4
454,2,24,3,,2,1,12,,1,5,OPD,2,2,,4,4,4,4,4,4,4,4,4,4,4,4
455,2,27,3,,2,1,5,,1,2,"Orthopedics ",1,2,,2,2,3,3,2,2,4,4,4,3,2,1
456,1,36,3,,2,1,12,,1,3,OPD,16,4,,4,4,4,4,4,4,4,4,3,3,4,4
457,2,34,4,,2,2,2,,1,1,Psych,1,7,,3,3,3,3,3,3,4,4,3,4,4,3
458,1,29,2,,2,2,10,,1,9,"Health Information ",15,3,"Health Directorate ",4,4,4,4,4,4,4,4,4,4,4,4
459,2,37,4,,2,1,2,,1,2,"Child Health",3,5,,5,4,5,5,5,5,5,5,4,5,4,4
460,1,35,3,,2,1,1,,4,3,EMERGENCY,2,10,,4,4,4,4,4,5,5,4,4,5,5,4
461,1,46,3,,2,1,12,,3,4,medicine,1,7,,4,4,4,5,4,4,4,4,4,5,4,4
462,2,66,3,,1,1,2,,3,8,administrative,1,27,,4,4,4,4,4,4,3,5,4,4,4,3
463,1,29,3,,2,1,12,,1,3,Medicine,14,2,,4,4,4,4,5,4,3,3,4,4,4,3
464,2,35,3,,2,2,2,,4,4,Opd,1,4,,4,4,3,4,4,4,3,4,4,4,3,3
465,1,38,4,,2,1,2,,2,3,"General ",11,5,,4,4,4,4,4,4,4,4,4,4,4,4
466,1,29,5,,2,2,7,,3,9,Pharmacy,2,5,"Community Pharmacy",4,4,4,5,4,5,5,4,5,5,5,4
467,1,31,3,,2,2,12,,2,3,"Emergency ",8,1,,4,4,4,4,4,4,3,4,4,5,4,4
468,2,26,3,,2,2,1,,1,4,"medical unit",1,2,,4,4,4,4,4,4,4,4,4,4,3,4
469,1,29,4,,2,2,2,,1,3,Medical,3,5,,4,4,4,4,4,4,4,4,4,4,4,4
470,2,38,3,,2,1,7,,1,5,"Pharmacy ",1,13,,4,4,4,4,4,4,3,4,2,4,3,3
471,2,32,3,,2,2,3,,4,3,"Laboratory ",1,8,,4,4,4,4,4,4,3,3,3,4,4,3
472,1,28,3,,2,2,3,,1,2,Virology,3,3,,4,4,4,4,4,4,4,4,4,4,4,4
473,1,30,3,,2,2,12,,1,5,"Out patient department",1,2,,4,4,4,4,4,4,4,2,4,4,4,4
474,1,56,5,,2,1,7,,1,1,PHARMACY,8,22,,5,5,5,5,5,5,5,5,4,5,4,4
475,2,30,4,,2,1,2,,2,3,General,2,53,,4,4,4,4,4,4,4,4,4,4,4,4
476,2,41,4,,2,1,2,,4,1,"Out Patient Department ",16,5,,,,,,,,,,,,,
477,2,28,5,,2,2,9,Sonographer,4,3,Imaging,2,6,,4,4,4,4,4,4,4,4,4,4,4,4
478,,,,,,,,,,,,,,,,,,,,,,,,,,
479,1,38,3,,2,1,3,,2,3,Laboratory,1,12,,5,5,5,5,4,5,4,4,4,4,4,4
480,2,37,4,,2,1,2,,1,1,"Gynaec ",11,3,,4,4,4,4,4,4,3,2,4,4,4,3
481,1,33,3,,2,2,1,,4,1,Emergency,1,9,,4,4,4,4,4,4,4,4,4,4,4,4
482,1,41,5,,2,2,1,,1,3,"Nursing administration",13,16,,4,4,3,3,3,3,4,4,4,4,4,4
483,1,41,5,,2,2,2,,2,3,"Surgical ward",12,13,,5,5,5,5,4,4,4,4,4,4,4,4
484,1,30,5,,2,2,6,,3,8,na,1,5,,4,4,4,5,5,5,5,3,4,4,4,4
485,2,38,3,,2,2,12,,1,3,"Internal medicine",2,8,,4,4,4,4,4,4,5,4,4,4,4,4
486,2,39,3,,2,1,1,,1,1,ICU,16,12,,5,5,4,4,4,4,4,5,2,2,4,4
487,1,40,3,,2,2,1,,4,1,"Surgical ",1,8,,4,4,4,4,4,4,4,4,4,4,4,4
488,1,29,3,,2,1,3,,3,6,LAB,1,5,,5,5,5,5,4,4,4,4,4,4,4,4
489,2,29,3,,2,1,12,,1,3,Opd/Ipd,2,2,,4,4,4,4,4,4,4,4,3,4,4,4
490,1,37,4,,2,2,2,,1,1,"Internal medicine",16,4,,5,5,5,5,5,5,5,5,5,5,5,5
491,2,36,3,,2,1,6,,1,3,"male ward/Public health",5,10,,4,5,5,5,4,4,5,4,4,4,4,4
492,1,30,2,,2,2,3,,1,3,Laboratory,15,4,,4,4,4,4,4,4,4,3,3,3,3,4
493,2,31,4,,2,1,2,,1,3,"Medical and Surgicy",3,6,,3,3,3,3,3,3,3,3,3,3,3,3
494,1,33,4,,2,2,2,,1,1,"Emergency unit",1,7,,4,4,3,4,3,3,4,3,4,4,4,3
495,1,34,5,,2,1,6,,3,4,Administration,16,5,,3,4,3,4,5,4,5,3,3,4,3,4
496,1,65,6,,2,1,7,,3,4,"Pharmacy ",1,10,,5,5,5,5,5,5,5,5,5,5,5,5
497,2,33,2,,2,2,1,,1,6,OPD,13,9,,4,4,4,5,4,4,4,4,4,4,4,3
498,1,44,5,,2,1,3,,2,4,"Medical Lab",4,13,,4,4,4,4,4,4,4,4,2,4,4,4
499,2,42,5,,2,2,2,,4,1,Paediatrics,1,17,,4,4,4,4,4,4,4,4,4,4,4,4
500,,,,,,,,,,,,,,,,,,,,,,,,,,
501,2,28,4,,2,2,2,,1,1,"Medicine ",1,5,,3,4,3,4,4,4,4,4,4,4,4,4
502,2,34,4,,2,1,2,,1,1,"Pathology ",1,9,,4,4,4,4,4,4,4,4,4,4,4,4
503,1,39,5,,2,1,3,,1,2,Laboratory,1,13,,4,4,4,4,4,4,4,4,2,4,4,4
504,2,29,7,BDS,2,2,9,"Dentist ",1,1,"Maxillofacial Unit",1,5,,4,4,4,5,4,4,5,5,4,4,4,4
505,2,30,4,,2,2,2,,1,3,OPD,2,6,,4,4,4,4,4,4,4,3,4,4,4,3
506,2,40,5,,2,1,1,,1,1,"Medical ward",2,16,,4,4,4,4,4,4,4,4,4,4,4,4
507,1,30,3,,2,1,3,,1,3,"Laboratory ",1,3,,4,4,3,4,4,4,4,4,3,4,4,5
508,1,30,5,,2,1,7,,3,9,Marketing,2,6,"Pharma Marketing; Luex",4,4,4,4,5,4,3,3,4,5,5,3
509,2,29,7,BDS,2,2,9,"Dentist ",1,5,"Dental ",1,3,,4,4,4,4,4,4,4,3,4,4,4,4
510,2,24,3,,2,2,3,,4,9,"Laboratory ",1,2,"Medical center",4,4,4,4,4,4,4,3,4,4,4,4
511,2,29,4,,2,2,2,,3,3,OPD,1,3,,5,5,4,5,5,5,5,4,5,5,5,4
512,1,44,4,,2,1,2,,1,2,Surgery,3,13,,4,4,4,4,4,4,4,4,4,4,4,4
513,1,29,4,,2,2,2,,1,1,"Plastic Surgery ",11,3,,4,5,4,4,4,4,3,4,3,3,4,3
514,1,34,4,,2,1,2,,3,4,"General Practice",2,8,,5,5,5,4,4,4,4,4,4,4,4,4
515,,,,,,,,,,,,,,,,,,,,,,,,,,
516,2,29,4,,2,2,2,,1,3,"Pedics ",2,4,,5,5,4,4,4,4,5,4,4,4,4,4
517,1,38,2,,2,2,6,,1,9,MHD,4,12,MHD,5,5,5,5,5,4,5,5,5,5,5,5
518,1,34,3,,2,2,7,,1,3,Pharmacy,16,6,,4,4,4,4,4,4,4,4,4,4,4,4
519,2,49,5,,2,2,6,,1,5,Pharmacy,1,21,,4,4,4,4,4,4,4,4,4,5,5,4
520,1,66,6,,2,1,2,,2,3,Surgery,3,39,,4,4,4,4,4,4,4,4,4,4,4,4
521,1,34,3,,2,2,9,Optometrist,2,3,Ophthalmology,2,9,,3,4,4,4,3,2,5,3,5,5,5,2
522,2,22,3,,2,2,12,,2,3,Opd/ER,2,2,,4,4,4,4,4,4,4,4,4,4,4,4
523,1,70,5,,,,,,,,,1,40,,,,,,,,,,,,,
524,2,28,4,,2,1,2,,1,1,Psychiatry,1,4,,4,4,3,4,4,4,3,4,4,4,2,3
525,2,34,4,,2,2,2,,1,1,"Anaesthesia ",1,9,,3,4,3,3,3,3,3,3,3,3,3,3
526,2,34,4,,2,1,2,,2,3,"Obstetrics and Gynaecology",11,9,,4,4,4,4,4,5,4,4,3,4,4,4
527,1,36,5,,2,2,8,,3,8,Research,16,7,,4,4,4,5,4,4,4,4,4,4,4,4
528,1,37,3,,2,1,7,,1,1,Pharmacy,1,10,,4,4,4,4,3,4,4,4,4,4,4,4
529,2,31,3,,2,1,8,,3,7,Administration,6,08,,4,4,4,4,4,4,4,4,5,4,4,4
530,1,30,4,,2,1,2,,1,1,"Anaesthesia ",1,3,,4,4,4,4,4,4,4,4,4,4,4,4
531,1,39,3,,2,2,8,,4,7,"social science",5,2,,4,4,4,4,4,4,4,4,4,4,4,4
532,2,41,3,,2,2,9,"Embryologist ",3,7,IVF,1,1,,4,4,4,4,4,4,4,4,4,4,4,4
533,1,32,5,,2,1,9,Sonographer,1,1,Radiology,2,8,,4,5,5,5,5,5,5,5,4,4,4,4
534,1,36,7,"MWACP ",2,2,2,,2,3,"Internal Medicine ",8,10,,4,4,4,5,4,4,4,4,4,4,4,4
535,2,42,5,,2,2,1,,4,4,"All inclusive: preventive/curative ",1,15,,5,5,5,5,5,5,5,4,4,5,5,4
536,1,31,3,,2,2,7,,1,2,Pharmacy,4,5,,3,3,3,3,3,3,3,3,3,3,3,3
537,2,31,2,,2,2,1,,1,3,Emergency,2,8,,4,4,4,4,4,4,4,4,4,4,4,4
538,2,25,3,,2,1,7,,3,4,"Community health",1,4,,4,5,4,5,4,4,4,4,4,4,4,4
539,2,28,2,,2,2,1,,1,1,"Medicine ",2,3,,4,4,5,5,5,5,4,4,4,5,5,4
540,2,28,4,,2,1,2,,1,3,"Pediatric ",5,3,,4,4,4,4,4,4,4,4,4,4,4,3
541,1,38,7,"fellowship in paediatrics",2,1,2,,1,1,paeditrics,11,11,,5,5,5,5,4,4,4,4,4,4,4,2
542,2,36,3,,2,1,1,,1,3,"Accident and emergency",3,6,,4,5,4,4,4,4,5,4,5,5,5,5
543,1,32,4,,2,1,2,,1,1,"Internal medicine",2,7,,5,5,5,5,5,5,4,5,4,4,4,4
544,1,35,3,,2,2,1,,1,3,"Children's ward",6,4,,4,4,4,4,4,4,4,4,4,4,4,3
545,2,29,4,,2,2,2,,2,2,"Surgical ward",2,2,,4,4,4,4,4,4,4,4,4,4,4,4
546,2,34,5,,2,1,9,Radiographer,1,2,Radiology,1,9,,5,5,4,4,4,4,4,4,4,4,4,4
547,2,35,3,,2,1,7,,2,3,Pharmacy,2,10,,4,4,4,4,4,4,4,4,4,4,4,4
548,2,29,4,,2,2,2,,1,1,"Anaesthesia ",1,4,,4,4,4,4,4,4,4,4,4,4,4,4
549,1,35,3,,2,1,7,,2,3,Pharmacy,8,18,,4,4,4,4,4,4,4,3,4,4,4,4
550,1,28,3,,2,1,1,,3,9,Radiology,2,4,"Private Radiology ",4,4,4,4,4,4,4,4,4,4,4,4
551,2,28,3,,2,2,12,,2,6,"Medical ",1,2,,4,4,4,4,4,4,2,3,4,2,1,1
552,2,29,4,,2,1,2,,1,1,Anaesthesia/ICU,2,4,,4,4,4,4,4,4,4,4,4,4,4,4
553,1,47,6,,2,1,2,,1,2,"Public Health ",3,15,,4,4,4,4,4,4,4,4,4,4,4,2
554,2,29,1,,2,1,1,,1,3,ENT,7,4,,4,5,5,5,5,5,4,5,5,5,4,4
555,2,38,3,,2,2,6,,1,,"health directorate ",1,15,,4,4,4,4,4,4,4,3,4,4,5,4
556,,,,,,,,,,,,,,,,,,,,,,,,,,
557,2,35,3,,2,1,1,,1,3,"Accident and emergency ",16,8,,4,2,4,4,4,4,4,4,4,4,4,4
558,2,29,3,,2,2,1,,1,1,"Accident and Emergency ",16,4,,4,4,4,4,4,4,4,4,4,4,4,4
559,1,48,4,,2,1,2,,1,1,"Medical Division",1,15,,5,5,5,5,5,5,5,5,5,5,5,5
560,1,28,4,,2,1,2,,1,2,"Internal medicine ",2,3,,5,4,4,5,5,5,4,4,5,4,4,4
561,1,36,3,,2,2,12,,1,3,"Ward paed",11,9,,5,5,5,5,5,5,5,5,5,5,5,5
562,2,53,5,,2,1,7,,1,1,"Pharmacy ",1,23,,4,4,4,4,4,4,4,4,5,5,5,4
563,1,32,2,,2,1,3,,1,5,"Medical Laboratory",12,7,,4,4,4,4,4,4,4,4,4,4,4,4
564,1,67,5,,1,1,2,,3,4,"General ",2,41,,3,4,4,4,4,4,4,4,3,4,4,4
565,1,40,5,,2,1,6,,1,1,"Public Health",11,12,,5,5,5,5,5,5,5,5,5,5,5,5
566,2,32,4,,2,2,2,,4,3,"INTERNAL MEDICINE",3,7,,4,4,3,3,4,4,4,4,3,3,3,4
567,1,32,4,,2,1,2,,2,3,"Medical ",12,1,,5,5,5,5,4,4,4,4,4,4,4,3
568,2,32,4,,2,1,2,,1,3,OPD,1,7,,4,4,4,4,4,4,4,4,4,4,4,4
569,2,31,3,,2,1,1,,1,3,NICU,1,7,,4,4,4,4,4,4,4,4,5,5,4,3
570,1,27,3,,2,2,12,,3,4,"Medicine ",15,1,,5,5,5,5,4,4,4,5,4,4,4,4
571,2,32,4,,2,2,2,,1,1,"Internal Medicine ",2,8,,4,4,4,4,4,4,4,4,4,4,4,3
572,1,27,4,,2,2,2,,1,3,General,14,4,,4,4,4,4,4,4,4,4,4,4,4,3
573,2,30,5,,2,1,2,,1,1,"Child health",2,4,,5,5,5,5,4,4,5,4,4,4,5,5
574,1,41,4,,2,1,2,,2,3,"Obstetrics and Gynecology",12,13,,4,4,4,4,4,4,4,4,4,4,4,3
575,1,37,3,,2,2,1,,1,3,Anaesthesia,3,10,,5,4,4,4,4,4,4,4,4,4,4,4
576,2,26,3,,2,1,3,,1,2,"Laboratory ",1,3,,3,4,4,3,4,4,2,4,4,2,2,4
577,2,25,3,,2,2,3,,1,4,"Laboratory ",3,2,,4,4,4,4,4,4,4,4,4,4,4,4
578,2,42,3,,2,2,1,,1,1,"Ear, nose and throat ",16,15,,,,,,,,,,,,,
579,1,29,4,,2,1,2,,1,5,Clinical,16,5,,5,5,5,5,4,4,4,4,3,5,5,5
580,1,29,2,,2,1,1,,1,6,"General Ward",2,2,,4,4,4,4,5,4,4,4,4,4,4,4
581,1,39,5,,2,1,10,,1,1,"Biostatistics ",2,16,,4,4,4,4,4,4,3,3,3,2,2,4
582,1,32,2,,2,1,1,,1,1,"Emergency medicine/Yellow",11,09,,4,4,4,4,4,4,4,4,4,4,4,4
583,2,28,3,,2,2,12,,1,3,"Medicine ",1,5,,4,4,4,4,3,4,4,4,3,4,4,4
584,1,38,4,,2,1,2,,1,3,"General Practice",13,9,,5,5,5,5,5,5,5,5,4,4,4,4
585,1,45,5,,2,1,3,,4,4,"Laboratory ",1,12,,4,4,4,4,4,4,4,4,4,4,4,4
586,2,30,3,,2,2,1,,1,3,"Female ward",2,6,,4,4,4,4,4,4,4,4,4,4,4,4
587,2,29,2,,2,1,1,,1,1,"Family medicine ",2,5,,5,5,5,5,5,5,5,4,5,5,5,4
588,2,39,3,,2,1,1,,1,1,"Emergency ",1,10,,4,4,4,5,4,4,4,4,4,4,5,4
589,1,43,3,,2,1,12,,3,4,Medicine,2,5,,4,4,4,4,4,4,4,4,4,4,4,4
590,1,41,5,,2,1,6,,1,3,"Dental ",2,11,,5,5,5,4,3,3,3,4,4,4,4,4
591,1,39,3,,2,2,3,,1,3,Laboratory,2,10,,5,5,5,5,4,4,5,4,4,4,4,4
592,1,29,7,"Post Diploma",2,1,1,,1,1,Paediatric,16,5,,5,5,5,5,5,5,3,5,3,3,5,5
593,1,47,3,,2,2,3,,3,1,"Med lab",1,14,,2,4,4,4,4,4,4,4,4,4,4,4
594,1,41,4,,2,2,2,,1,3,"Outpatient Department ",2,3,,4,4,4,4,4,4,4,4,5,5,5,4
595,2,30,4,,2,2,2,,4,1,Paediatrics,1,5,,3,3,3,3,3,3,4,4,4,4,4,3
596,1,45,5,,2,2,2,,2,3,"orthopedic ",5,17,,4,4,4,4,4,4,4,4,4,4,3,4
597,1,28,5,,2,1,9,"Speech and Language Therapist ",3,8,ENT,1,4,,3,4,3,4,4,3,4,3,4,4,4,3
598,2,33,2,,2,1,1,,1,3,"Public health unit ",13,10,,1,1,4,4,4,5,4,4,4,1,4,4
599,2,36,5,,2,2,1,,1,1,"Operating Theatre room",16,11,,4,5,5,5,4,5,4,3,5,5,5,4
600,1,37,5,,2,2,3,,3,3,"Laboratory ",1,12,,4,4,5,5,4,3,3,5,2,4,4,4
601,2,30,5,,2,2,2,,1,5,"General OPD and Emergency Unit",1,5,,3,4,3,3,3,3,3,3,3,3,3,3
602,1,35,5,,2,1,7,,1,1,Pharmacy,16,8,,5,5,4,4,4,4,4,4,4,4,4,4
603,1,35,5,,2,1,7,,1,3,Pharmacy,2,9,,5,5,5,5,4,4,4,5,4,4,4,4
604,1,39,1,,2,1,9,"Paramedics ",1,2,"Emergency ward",3,12,,4,4,4,4,4,4,4,4,4,4,4,4
605,1,31,4,,2,2,2,,2,3,Surgery,8,5,,3,4,3,3,4,3,2,2,2,3,3,2
606,1,46,7,Fellowship/Sub-specialty,2,2,2,,1,1,"Child Health",2,19,,4,4,4,4,4,4,4,3,4,4,4,4
607,1,35,5,,2,2,3,,1,3,Laboratory,2,8,,4,5,5,5,4,4,4,4,4,4,5,4
608,1,30,4,,2,1,2,,2,3,"Internal medicine ",9,5,,4,4,4,4,4,4,4,4,4,4,4,4
609,2,34,5,,2,1,7,,1,1,"Paediatric ",11,10,,4,4,3,4,4,2,2,4,4,2,2,4
610,2,28,3,,2,1,12,,1,6,OPD,16,1,,4,3,3,3,4,4,3,3,4,4,4,4
611,1,31,4,,2,2,2,,4,3,"Medical and surgical ",2,5,,4,4,4,4,4,4,4,4,4,4,4,3
612,1,29,3,,2,2,3,,2,3,"Medical Laboratory",4,2,,4,4,4,4,4,4,4,4,2,4,4,4
613,1,32,3,,2,1,12,,1,3,"Out Patient ",15,3,,4,2,4,4,5,5,5,5,5,5,5,5
614,1,30,4,,2,2,2,,2,3,"Child Health ",2,3,,4,5,4,4,4,4,4,2,4,4,4,4
615,2,40,4,,2,2,2,,1,2,"Physical Therapy and Rehab",1,12,,5,4,4,4,4,3,4,3,3,5,5,5
616,2,35,7,"Membership in Emergency Nursing ",2,2,1,,1,2,"Emergency ",3,11,,4,5,5,5,4,4,4,4,3,4,4,5
617,1,31,4,,2,1,2,,3,4,OPD,12,4,,4,4,4,4,4,4,3,4,4,4,4,2
618,,,,,,,,,,,,,,,,,,,,,,,,,,
619,1,34,3,,2,2,10,,1,3,"Health Information",7,5,,4,4,3,4,4,4,4,3,4,4,4,3
620,2,41,5,,2,2,3,,1,9,"Lab department",2,15,"public health laboratory",4,4,4,4,4,4,4,4,4,4,4,4
621,2,41,3,,2,1,7,,1,3,Pharmacy,2,14,,4,4,4,4,4,4,3,4,3,3,4,4
622,1,,1,,2,2,1,,1,4,,,,,,,,,,,,,,,,
623,2,30,2,,2,1,1,,1,9,"Mental health ",3,5,"CHPS compound ",5,5,5,5,5,5,5,5,5,5,5,4
624,1,59,5,,2,2,2,,1,9,"Health Directorate",14,29,"Hospital and health directorate",4,4,4,4,4,4,4,4,3,3,4,4
625,2,29,4,,2,2,2,,1,1,"Anaesthesia and ICU",2,3,,4,4,4,4,4,4,4,4,3,4,4,4
626,2,31,4,,2,2,2,,2,4,"Rotate in all the wards",12,4,,4,4,4,4,4,4,4,4,4,4,4,4
627,1,30,3,,2,2,5,,1,6,"Nutrition Unit",14,1,,5,4,4,4,4,4,4,5,4,5,5,3
628,2,40,5,,2,1,2,,1,1,Medical,2,11,,2,4,2,1,1,1,2,1,2,2,4,2
629,2,29,3,,2,2,10,,1,1,"Biostatistics ",2,4,,4,4,3,3,4,4,3,4,3,3,3,3
630,2,35,3,,2,1,1,,1,1,emergency,1,15,,5,5,5,5,4,4,4,3,4,4,4,4
631,1,42,4,,2,1,2,,3,4,opd,7,4,,5,4,4,4,4,5,4,3,4,5,4,4
632,2,36,5,,2,1,2,,1,1,neurology,2,11,,5,5,5,5,5,5,5,5,5,5,5,5
633,2,33,5,,2,1,6,,1,1,"Reproductive Health ",1,11,,5,5,5,5,5,5,5,4,5,5,4,4
634,2,24,3,,2,2,4,,1,2,"Physiotherapy ",1,3,,3,4,4,4,4,3,4,4,4,4,4,4
635,1,30,3,,2,1,9,Radiographer,1,1,Radiology,2,6,,4,4,4,4,4,3,4,4,4,4,4,3
636,1,48,7,Fellowship,2,1,2,,1,1,Surgery,2,18,,4,4,3,3,4,4,3,3,4,4,4,3
637,2,33,5,,2,1,2,,2,3,Paediatrics,16,8,,5,5,5,5,5,5,4,4,4,5,5,4
638,1,33,3,,2,2,11,,1,6,"Disease Control ",4,7,,4,4,4,5,4,4,4,4,5,4,5,4
639,1,37,3,,2,1,9,Optometrist,2,4,Optometry,1,10,,4,4,4,4,4,4,5,4,4,4,4,4
640,2,33,3,,2,1,7,,3,4,Pharmacy,1,10,,4,4,4,4,4,4,4,4,4,4,4,4
641,1,36,2,,2,2,9,Anaesthetist,2,3,"Operation theatre",6,13,,4,4,4,4,4,4,4,4,4,4,4,4
642,2,33,3,,2,1,1,,1,1,"Emergency department ",2,10,,4,4,4,4,4,4,4,3,4,4,4,4
643,1,29,4,,2,2,2,,1,1,"Accident and Emergency",16,2,,4,4,4,4,4,4,4,4,4,4,4,4
644,1,32,2,,2,2,1,,1,1,"Dialysis Unit",2,3,,4,4,4,4,4,4,3,3,4,4,4,4
645,2,35,3,,2,2,1,,4,9,emergency,16,11,"primary health care",4,4,4,4,4,4,4,4,4,4,4,4
646,2,28,3,,2,2,12,,1,3,OPD,11,4,,4,4,4,4,4,4,3,5,3,3,3,5
647,1,26,4,,2,2,2,,1,5,opd/emergency,1,4,,4,4,4,4,4,3,3,4,3,4,3,2
648,1,40,7,FELLOWSHIP,2,1,2,,1,1,Surgery,2,14,,4,4,4,4,4,4,5,5,5,4,4,4
649,2,39,4,,2,1,2,,1,2,"Paediatrics ",3,3,,4,4,4,4,4,4,4,4,4,4,4,4
650,,,,,,,,,,,,,,,,,,,,,,,,,,
651,1,34,5,,2,1,8,,1,1,"Child Health",2,11,,5,5,5,5,5,4,4,4,5,4,4,3
652,1,29,3,,2,2,5,,2,5,Nutrition,2,3,,4,4,4,4,5,4,4,4,5,4,4,5
653,2,28,3,,2,1,9,Sonographer,3,6,"Radiology ",2,4,,4,4,4,4,4,4,2,4,2,2,2,2
654,2,45,7,fellowship,2,1,6,,1,9,"Public Health Division, Disease Control Department",1,17,"Teaching hospital",5,5,5,5,5,5,5,4,5,5,4,4
655,1,35,3,,2,2,12,,3,4,OPD,1,10,,5,5,5,5,5,5,5,4,5,4,5,5
656,2,30,4,,2,1,2,,1,5,"OPD ",1,2,,5,4,4,4,4,4,4,4,4,4,4,2
657,1,67,7,"FELLOW, GHANA COLLEGE OF PHY. & SURG.",2,2,2,,2,3,SURGERY,2,41,,5,5,5,5,5,5,5,5,5,5,5,5
658,2,42,7,"Fellowship ",2,1,7,,1,3,Pharmacy,16,16,,4,4,4,3,3,3,3,4,3,4,4,4
659,1,28,3,,2,2,12,,2,6,"OPD and Ward",4,4,,4,5,4,4,4,4,4,4,4,4,4,4
660,1,39,4,,2,1,2,,1,3,"General ward",15,11,,4,4,4,4,4,4,5,5,4,4,4,4
661,1,28,3,,2,1,7,,3,9,"Community Pharmacy",16,3,"Pharmaceutical company",3,3,3,4,4,4,4,4,4,4,4,4
662,2,28,5,,2,1,1,,1,1,"Cardiothoracic Centre",1,6,,1,4,4,4,4,4,4,3,4,4,3,3
663,2,37,5,,2,2,1,,1,1,"Child Health",1,13,,4,4,4,4,4,4,4,4,4,4,4,4
664,2,27,4,,2,1,2,,1,2,Surgery,1,2,,4,3,3,4,4,4,3,4,3,4,4,3
665,2,30,1,,2,1,9,"medicine counter assistant",3,6,Pharmacy,16,5,,4,4,3,4,3,4,4,4,3,4,4,4
666,2,34,4,,2,2,2,,1,1,"accident and emergency",1,9,,5,5,5,5,5,5,5,5,5,5,5,5
667,1,40,3,,2,1,12,,1,1,Dental,16,9,,4,5,4,4,4,4,4,4,4,4,4,4
668,1,29,2,,2,1,3,,1,3,Laboratory,2,6,,4,4,4,4,4,4,4,4,4,4,4,4
669,1,34,7,DPT,2,1,4,,2,9,"Medical Department/Physiotherapy Unit",3,9,"Health ",4,4,4,4,4,4,4,4,4,4,4,4
670,2,43,7,Membership,2,1,6,,1,9,DHD,16,15,"Health Directorate",4,4,3,3,4,3,4,3,4,4,4,4
671,2,32,4,,2,1,2,,2,1,"Obstetrics and Gynaecology ",2,7,,5,5,5,5,5,5,5,5,5,5,5,5
672,1,29,2,,2,1,1,,2,6,"Emergency  Unit",3,5,,4,4,4,4,4,4,4,4,4,4,4,3
673,2,35,3,,2,1,12,,1,3,"General ",13,2,,4,4,4,4,4,4,3,4,4,4,4,3
674,1,35,3,,2,1,3,,2,3,"Laboratory ",2,11,,4,3,5,4,4,4,5,3,4,4,4,3
675,2,31,4,,2,1,2,,1,2,emergency,12,3,,4,4,4,4,4,4,4,4,4,4,4,4
